Name,Price,Rating,Length(in hrs),No. of Lectures,Level
Java Programming Masterclass for Software Developers,455,4.6,80.5,449,All Levels
Java Programming for Complete Beginners,455,4.4,26,303,Beginner
Java In-Depth: Become a Complete Java Engineer!,455,4.5,67.5,409,All Levels
The Complete Java Certification Course,455,4.5,17.5,66,All Levels
"JSP, Servlets and JDBC for Beginners: Build a Database App",455,4.7,9,117,All Levels
Java Programming: Complete Beginner to Advanced,455,4.1,2.5,20,Beginner
Java Programming Masterclass for Software Developers,455,4.6,80.5,449,All Levels
Selenium WebDriver with Java -Basics to Advanced+Frameworks,455,4.6,54.5,472,All Levels
"JSP, Servlets and JDBC for Beginners: Build a Database App",455,4.7,9,117,All Levels
Complete Java SE 8 Developer Bootcamp - OCA Prep Included,455,4.5,12,165,All Levels
Design Patterns in Java,455,4.3,10.5,123,Intermediate
Absolute Introduction to Object Oriented Programming in Java,455,4.2,2,10,Beginner
Full Stack Java developer - Java + JSP + Restful WS + Spring,455,4.3,64.5,611,All Levels
Core Java Made Easy (Covers the latest Java 14),455,4.5,21,418,All Levels
Java for Absolute Beginners,455,4.6,7.5,135,Beginner
Modern Java - Learn Java 8 features by coding it,455,4.4,11,104,All Levels
Learn complete Java - Core Java & JSP & Servlets,455,4.2,30,240,Beginner
Go Java Full Stack with Spring Boot and Angular,455,4.5,11,124,All Levels
Java from Beginner to Expert,455,4.2,11,84,All Levels
"JSP, Servlet, JSLT + Hibernate: A complete guide",455,4.5,13,137,Intermediate
Selenium WebDriver with Java for beginners,455,4.6,6.5,42,Beginner
Java Interview Guide : 200+ Interview Questions and Answers,455,4.3,6,55,Beginner
The Complete Java Developer Course,618,4.2,9.5,92,Beginner
